Longitude,Latitude,Depth,OriginTime,Mag,x,y,z
 46.8090, 38.4160,  4.2000,2012-08-11T12:23:15.400000Z,  6.5000,  5.1527, 18.4281,  4.2000
 46.7710, 38.4440, 21.7000,2012-08-11T12:28:46.100000Z,  3.5000,  1.8333, 21.5348, 21.7000
 46.6880, 38.3930, 13.3000,2012-08-11T12:49:15.500000Z,  4.6000, -5.4164, 15.8752, 13.3000
 46.6730, 38.3880,  4.1000,2012-08-11T13:14:05.500000Z,  4.4000, -6.7273, 15.3212,  4.1000
 46.7140, 38.4820, 10.0000,2012-08-11T13:23:14.900000Z,  3.7000, -3.1412, 25.7534, 10.0000
 46.6790, 38.4070, 13.8000,2012-08-11T13:42:11.400000Z,  4.0000, -6.2015, 17.4298, 13.8000
 46.6960, 38.4890, 27.1000,2012-08-11T14:14:53.600000Z,  2.8000, -4.7113, 26.5312, 27.1000
 46.6800, 38.4410, 12.5000,2012-08-11T14:25:15.200000Z,  4.3000, -6.1113, 21.2039, 12.5000
 46.7450, 38.4430,  8.0000,2012-08-11T14:55:57.200000Z,  3.1000, -0.4365, 21.4236,  8.0000
 46.7930, 38.4300, 16.8000,2012-08-11T15:21:14.500000Z,  4.7000,  3.7546, 19.9814, 16.8000
 46.7790, 38.4120, 15.1000,2012-08-11T16:00:50.200000Z,  4.0000,  2.5328, 17.9829, 15.1000
 46.6760, 38.4220, 16.4000,2012-08-11T16:15:04.000000Z,  2.7000, -6.4622, 19.0951, 16.4000
 46.6610, 38.4120, 19.9000,2012-08-11T16:21:52.800000Z,  4.1000, -7.7732, 17.9862, 19.9000
 46.6660, 38.4350, 15.1000,2012-08-11T16:34:32.400000Z,  3.3000, -7.3342, 20.5389, 15.1000
 46.8760, 38.4080, 21.3000,2012-08-11T17:37:58.300000Z,  2.1000, 11.0053, 17.5459, 21.3000
 46.8030, 38.4120, 10.0000,2012-08-11T17:45:44.300000Z,  2.5000,  4.6290, 17.9838, 10.0000
 46.8220, 38.4200, 16.9000,2012-08-11T17:49:25.400000Z,  2.6000,  6.2877, 18.8729, 16.9000
 46.8070, 38.3740, 10.0000,2012-08-11T17:58:33.100000Z,  4.1000,  4.9809, 13.7658, 10.0000
 46.6600, 38.3930,  5.4000,2012-08-11T18:13:03.200000Z,  3.0000, -7.8626, 15.8772,  5.4000
 46.6970, 38.4320, 19.9000,2012-08-11T18:21:44.500000Z,  2.6000, -4.6277, 20.2039, 19.9000
 46.8040, 38.4420, 19.9000,2012-08-11T19:12:04.600000Z,  2.9000,  4.7144, 21.3140, 19.9000
 46.7800, 38.4490, 26.4000,2012-08-11T19:29:29.300000Z,  2.6000,  2.6188, 22.0901, 26.4000
 46.9410, 38.4320, 22.2000,2012-08-11T19:30:45.100000Z,  2.7000, 16.6772, 20.2198, 22.2000
 46.8100, 38.4520, 20.0000,2012-08-11T19:40:17.100000Z,  2.6000,  5.2375, 22.4244, 20.0000
 46.7620, 38.4200, 14.1000,2012-08-11T20:10:29.900000Z,  3.4000,  1.0480, 18.8706, 14.1000
 46.8640, 38.3810,  4.1000,2012-08-11T20:29:18.600000Z,  2.6000,  9.9609, 14.5475,  4.1000
 46.7820, 38.4630, 20.0000,2012-08-11T20:37:27.400000Z,  2.3000,  2.7929, 23.6442, 20.0000
 46.6850, 38.4170, 14.0000,2012-08-11T20:45:46.600000Z,  2.9000, -5.6766, 18.5395, 14.0000
 46.6720, 38.4290, 12.3000,2012-08-11T21:13:21.200000Z,  2.4000, -6.8108, 19.8724, 12.3000
 46.7150, 38.4450, 20.0000,2012-08-11T21:18:35.100000Z,  2.6000, -3.0555, 21.6462, 20.0000
 46.8040, 38.4390, 18.2000,2012-08-11T21:21:14.000000Z,  2.7000,  4.7146, 20.9810, 18.2000
 46.8480, 38.4390, 19.1000,2012-08-11T21:33:50.700000Z,  3.1000,  8.5560, 20.9841, 19.1000
 46.6960, 38.4140, 14.0000,2012-08-11T22:04:32.200000Z,  3.7000, -4.7162, 18.2058, 14.0000
 46.7560, 38.4130, 17.4000,2012-08-11T22:12:46.700000Z,  3.3000,  0.5240, 18.0935, 17.4000
 46.7830, 38.4720, 14.9000,2012-08-11T23:40:52.700000Z,  2.2000,  2.8798, 24.6433, 14.9000
 46.7000, 38.4640, 11.4000,2012-08-11T23:58:13.400000Z,  3.4000, -4.3638, 23.7559, 11.4000
 46.6960, 38.4010,  7.2000,2012-08-12T00:10:52.700000Z,  2.5000, -4.7170, 16.7628,  7.2000
 46.7620, 38.4450, 17.5000,2012-08-12T00:15:22.800000Z,  3.1000,  1.0476, 21.6457, 17.5000
 46.7630, 38.4240, 19.2000,2012-08-12T00:34:16.300000Z,  3.8000,  1.1352, 19.3146, 19.2000
 46.7460, 38.4750, 19.8000,2012-08-12T00:41:26.300000Z,  2.7000, -0.3491, 24.9758, 19.8000
 46.7480, 38.4470,  8.9000,2012-08-12T01:35:50.300000Z,  2.2000, -0.1746, 21.8676,  8.9000
 46.7850, 38.4330, 12.5000,2012-08-12T02:24:43.200000Z,  3.7000,  3.0560, 20.3141, 12.5000
 46.6940, 38.3910, 18.3000,2012-08-12T02:32:17.200000Z,  1.7000, -4.8924, 15.6528, 18.3000
 46.7510, 38.4780,  4.7000,2012-08-12T03:28:00.400000Z,  2.4000,  0.0873, 25.3088,  4.7000
 46.8810, 38.4050, 27.2000,2012-08-12T04:10:44.300000Z,  2.5000, 11.4425, 17.2135, 27.2000
 46.7370, 38.4830, 14.2000,2012-08-12T04:35:39.400000Z,  2.6000, -1.1343, 25.8639, 14.2000
 46.7520, 38.4280, 10.0000,2012-08-12T04:40:40.700000Z,  2.9000,  0.1746, 19.7585, 10.0000
 46.8560, 38.4800,  4.2000,2012-08-12T05:13:20.700000Z,  2.3000,  9.2493, 25.5361,  4.2000
 46.9330, 38.3100, 31.4000,2012-08-12T05:17:53.600000Z,  2.2000, 16.0054,  6.6759, 31.4000
 46.7820, 38.4290, 10.0000,2012-08-12T05:37:55.900000Z,  2.2000,  2.7942, 19.8700, 10.0000
 46.7910, 38.4610, 10.0000,2012-08-12T06:03:57.900000Z,  2.6000,  3.5785, 23.4225, 10.0000
 46.8410, 38.4450, 10.0000,2012-08-12T06:17:50.000000Z,  2.6000,  7.9442, 21.6495, 10.0000
 46.7440, 38.3460, 30.1000,2012-08-12T06:29:57.100000Z,  1.7000, -0.5245, 10.6562, 30.1000
 46.6500, 38.3920, 19.4000,2012-08-12T06:40:44.500000Z,  4.1000, -8.7363, 15.7671, 19.4000
 46.7740, 38.4460, 19.2000,2012-08-12T07:22:55.500000Z,  3.0000,  2.0952, 21.7569, 19.2000
 46.7110, 38.4630, 15.5000,2012-08-12T07:26:53.200000Z,  2.3000, -3.4038, 23.6444, 15.5000
 46.8810, 38.3820, 23.0000,2012-08-12T07:29:28.800000Z,  2.3000, 11.4461, 14.6604, 23.0000
 46.6960, 38.4240, 10.0000,2012-08-12T07:33:03.000000Z,  2.4000, -4.7155, 19.3159, 10.0000
 46.7780, 38.4490, 15.2000,2012-08-12T07:36:35.600000Z,  2.7000,  2.4442, 22.0900, 15.2000
 46.8190, 38.4170, 21.6000,2012-08-12T08:01:20.000000Z,  2.9000,  6.0260, 18.5397, 21.6000
 46.7520, 38.4280, 17.9000,2012-08-12T08:03:43.800000Z,  2.1000,  0.1746, 19.7585, 17.9000
 46.7500, 38.4220, 19.8000,2012-08-12T10:15:33.400000Z,  3.3000,  0.0000, 19.0925, 19.8000
 46.6500, 38.4040, 10.0000,2012-08-12T10:29:27.900000Z,  2.0000, -8.7349, 17.0991, 10.0000
 46.7070, 38.4230, 19.6000,2012-08-12T11:21:16.200000Z,  2.2000, -3.7550, 19.2044, 19.6000
 46.7980, 38.4000, 15.3000,2012-08-12T11:51:31.500000Z,  3.3000,  4.1930, 16.6515, 15.3000
 46.7990, 38.4200, 18.9000,2012-08-12T14:19:08.800000Z,  3.1000,  4.2791, 18.8716, 18.9000
 46.8580, 38.4310, 15.0000,2012-08-12T15:15:10.000000Z,  2.1000,  9.4301, 20.0971, 15.0000
 46.8110, 38.4500, 14.5000,2012-08-12T15:59:25.400000Z,  2.5000,  5.3249, 22.2024, 14.5000
 46.7440, 38.4600, 19.4000,2012-08-12T17:18:30.600000Z,  2.1000, -0.5237, 23.3107, 19.4000
 46.8430, 38.4110, 18.1000,2012-08-12T18:44:22.100000Z,  2.1000,  8.1226, 17.8755, 18.1000
 46.8350, 38.3980, 15.6000,2012-08-12T18:46:40.200000Z,  2.0000,  7.4252, 16.4318, 15.6000
 46.8140, 38.4370, 21.0000,2012-08-12T19:28:04.700000Z,  1.7000,  5.5878, 20.7595, 21.0000
 46.7800, 38.4220, 19.7000,2012-08-12T19:29:56.500000Z,  2.1000,  2.6198, 19.0929, 19.7000
 46.7660, 38.4940, 18.4000,2012-08-12T20:04:31.000000Z,  1.8000,  1.3958, 27.0850, 18.4000
 46.8770, 38.4190, 16.6000,2012-08-12T20:09:35.500000Z,  2.2000, 11.0910, 18.7671, 16.6000
 46.6860, 38.4280, 12.7000,2012-08-12T20:11:02.200000Z,  1.9000, -5.5885, 19.7605, 12.7000
 46.6770, 38.3930, 10.1000,2012-08-12T21:26:31.800000Z,  2.2000, -6.3774, 15.8759, 10.1000
 46.8050, 38.4570,  5.8000,2012-08-12T21:33:17.800000Z,  3.1000,  4.8007, 22.9791,  5.8000
 46.7080, 38.4380, 14.7000,2012-08-12T22:01:15.900000Z,  2.4000, -3.6669, 20.8694, 14.7000
 46.8030, 38.4290, 16.5000,2012-08-12T22:05:43.000000Z,  2.2000,  4.6279, 19.8709, 16.5000
 46.7290, 38.4280, 15.8000,2012-08-12T22:45:49.200000Z,  1.9000, -1.8337, 19.7587, 15.8000
 46.9010, 38.4860, 19.6000,2012-08-12T22:57:07.600000Z,  2.8000, 13.1748, 26.2076, 19.6000
 46.8460, 38.3880, 19.9000,2012-08-12T23:02:03.900000Z,  2.7000,  8.3873, 15.3227, 19.9000
 46.6820, 38.3920, 11.2000,2012-08-12T23:16:13.100000Z,  1.8000, -5.9407, 15.7646, 11.2000
 46.8960, 38.4590, 16.4000,2012-08-12T23:58:41.500000Z,  1.9000, 12.7432, 23.2098, 16.4000
 46.6760, 38.4110, 18.8000,2012-08-13T00:07:53.900000Z,  2.4000, -6.4632, 17.8740, 18.8000
 46.8970, 38.4500,  9.7000,2012-08-13T00:18:02.600000Z,  3.2000, 12.8321, 22.2109,  9.7000
 46.6940, 38.4190, 20.0000,2012-08-13T00:22:08.400000Z,  3.2000, -4.8905, 18.7610, 20.0000
 46.8010, 38.4500, 19.9000,2012-08-13T01:02:22.500000Z,  1.5000,  4.4520, 22.2019, 19.9000
 46.7910, 38.4800,  4.5000,2012-08-13T01:29:26.600000Z,  2.4000,  3.5775, 25.5316,  4.5000
 46.8440, 38.4520, 16.9000,2012-08-13T01:38:46.800000Z,  1.5000,  8.2053, 22.4268, 16.9000
 46.6940, 38.4370, 17.5000,2012-08-13T01:56:10.000000Z,  4.7000, -4.8893, 20.7591, 17.5000
 46.8760, 38.4740,  4.2000,2012-08-13T03:58:28.900000Z,  2.9000, 10.9953, 24.8723,  4.2000
 46.6830, 38.3970, 19.8000,2012-08-13T04:15:52.400000Z,  3.7000, -5.8529, 16.3195, 19.8000
 46.6670, 38.3940, 19.8000,2012-08-13T05:22:28.800000Z,  2.6000, -7.2509, 15.9876, 19.8000
 46.6740, 38.4520, 17.2000,2012-08-13T06:58:22.000000Z,  3.2000, -6.6341, 22.4254, 17.2000
 46.7930, 38.3930, 17.0000,2012-08-13T07:28:30.500000Z,  3.2000,  3.7566, 15.8742, 17.0000
 46.6610, 38.4180,  4.9000,2012-08-13T07:50:54.300000Z,  2.2000, -7.7725, 18.6522,  4.9000
 46.8890, 38.4380,  4.3000,2012-08-13T08:16:50.100000Z,  4.0000, 12.1358, 20.8777,  4.3000
 46.6900, 38.4430, 10.0000,2012-08-13T10:28:13.700000Z,  1.9000, -5.2381, 21.4253, 10.0000
 46.6500, 38.4140,  4.1000,2012-08-13T10:29:31.200000Z,  2.2000, -8.7337, 18.2092,  4.1000
 46.6100, 38.4640, 20.0000,2012-08-13T10:45:44.000000Z,  4.2000,-12.2187, 23.7640, 20.0000
 46.8640, 38.4540,  4.7000,2012-08-13T11:47:52.300000Z,  1.8000,  9.9509, 22.6508,  4.7000
 46.5910, 38.4460,  4.1000,2012-08-13T12:07:37.300000Z,  2.1000,-13.8804, 21.7686,  4.1000
 46.7360, 38.4390, 20.0000,2012-08-13T12:45:58.000000Z,  3.9000, -1.2223, 20.9797, 20.0000
 46.7190, 38.4330, 12.6000,2012-08-13T12:53:47.200000Z,  3.2000, -2.7067, 20.3140, 12.6000
 46.8410, 38.4030, 15.4000,2012-08-13T13:31:40.300000Z,  1.5000,  7.9488, 16.9873, 15.4000
 46.7010, 38.4390,  4.1000,2012-08-13T13:57:03.300000Z,  1.8000, -4.2780, 20.9807,  4.1000
 46.7020, 38.3550, 15.3000,2012-08-13T14:02:42.800000Z,  1.5000, -4.1956, 11.6563, 15.3000
 46.6760, 38.4130,  4.1000,2012-08-13T15:06:34.400000Z,  2.7000, -6.4630, 18.0961,  4.1000
 46.7860, 38.4270, 15.6000,2012-08-13T15:32:15.700000Z,  2.2000,  3.1436, 19.6481, 15.6000
 46.6760, 38.4880, 22.0000,2012-08-13T16:14:40.600000Z,  2.6000, -6.4563, 26.4215, 22.0000
 46.6860, 38.4150,  4.1000,2012-08-13T16:31:48.900000Z,  1.6000, -5.5895, 18.3174,  4.1000
 46.6780, 38.4360,  4.6000,2012-08-13T17:08:41.800000Z,  2.8000, -6.2863, 20.6490,  4.6000
 46.7840, 38.4160,  4.1000,2012-08-13T18:31:10.900000Z,  1.9000,  2.9694, 18.4270,  4.1000
 46.6740, 38.4220, 20.5000,2012-08-13T18:40:05.700000Z,  3.4000, -6.6368, 19.0952, 20.5000
 46.6470, 38.4280, 19.5000,2012-08-13T19:43:22.000000Z,  3.3000, -8.9939, 19.7635, 19.5000
 46.7260, 38.3610, 28.6000,2012-08-13T19:55:52.700000Z,  1.8000, -2.0976, 12.3215, 28.6000
 46.8840, 38.4170, 11.3000,2012-08-13T20:12:42.800000Z,  2.8000, 11.7026, 18.5460, 11.3000
 46.9800, 38.3840,  4.1000,2012-08-13T20:22:37.600000Z,  1.5000, 20.0957, 14.8993,  4.1000
 46.7680, 38.5520,  4.1000,2012-08-13T20:29:51.900000Z,  1.8000,  1.5691, 33.5235,  4.1000
 46.8190, 38.3670, 10.0000,2012-08-13T20:44:57.200000Z,  1.6000,  6.0301, 12.9895, 10.0000
 46.6610, 38.3850,  4.3000,2012-08-13T20:57:07.500000Z,  1.5000, -7.7761, 14.9891,  4.3000
 46.6790, 38.4070,  4.3000,2012-08-13T21:01:40.200000Z,  1.8000, -6.2015, 17.4298,  4.3000
 46.7630, 38.4770, 14.8000,2012-08-13T21:10:31.500000Z,  1.6000,  1.1344, 25.1979, 14.8000
 46.7710, 38.3940, 17.5000,2012-08-13T21:18:45.800000Z,  1.2000,  1.8346, 15.9846, 17.5000
 46.8000, 38.4580, 19.2000,2012-08-13T21:25:25.100000Z,  1.8000,  4.3642, 23.0899, 19.2000
 46.8370, 38.4160, 21.0000,2012-08-13T21:29:06.200000Z,  1.3000,  7.5981, 18.4301, 21.0000
 46.6800, 38.4360, 16.6000,2012-08-13T21:33:29.800000Z,  1.7000, -6.1117, 20.6489, 16.6000
 46.6880, 38.3900, 20.0000,2012-08-13T22:37:04.500000Z,  3.3000, -5.4167, 15.5422, 20.0000
 46.7460, 38.4440, 10.0000,2012-08-13T23:22:37.000000Z,  1.5000, -0.3492, 21.5346, 10.0000
 46.8630, 38.3980, 12.1000,2012-08-13T23:43:33.600000Z,  1.5000,  9.8712, 16.4344, 12.1000
 46.6930, 38.4540,  9.4000,2012-08-14T01:32:41.700000Z,  2.2000, -4.9754, 22.6462,  9.4000
 46.7260, 38.4670, 19.3000,2012-08-14T01:39:59.300000Z,  1.4000, -2.0945, 24.0880, 19.3000
 46.6920, 38.4190, 17.7000,2012-08-14T01:49:20.100000Z,  3.0000, -5.0652, 18.7611, 17.7000
 46.6900, 38.4770,  4.3000,2012-08-14T02:00:50.700000Z,  2.0000, -5.2357, 25.1995,  4.3000
 46.8050, 38.4400, 15.0000,2012-08-14T02:37:06.900000Z,  2.3000,  4.8018, 21.0920, 15.0000
 46.8050, 38.4420, 18.2000,2012-08-14T03:46:54.400000Z,  2.1000,  4.8017, 21.3140, 18.2000
 46.6400, 38.4620,  4.3000,2012-08-14T04:08:43.300000Z,  2.3000, -9.6007, 23.5384,  4.3000
 46.6610, 38.4460, 20.0000,2012-08-14T04:52:17.700000Z,  2.1000, -7.7695, 21.7604, 20.0000
 46.8040, 38.4370, 18.1000,2012-08-14T05:28:13.200000Z,  3.4000,  4.7147, 20.7590, 18.1000
 46.6570, 38.4020, 16.5000,2012-08-14T06:58:45.500000Z,  1.8000, -8.1236, 16.8765, 16.5000
 46.6620, 38.3920, 15.5000,2012-08-14T08:11:48.900000Z,  2.1000, -7.6879, 15.7660, 15.5000
 46.7060, 38.4080, 15.8000,2012-08-14T10:28:44.200000Z,  3.6000, -3.8431, 17.5394, 15.8000
 46.8050, 38.5040, 14.4000,2012-08-14T10:50:24.700000Z,  2.1000,  4.7976, 28.1964, 14.4000
 46.6660, 38.3980,  5.2000,2012-08-14T11:17:14.100000Z,  1.7000, -7.3379, 16.4317,  5.2000
 46.6860, 38.4520,  5.3000,2012-08-14T11:44:11.800000Z,  1.8000, -5.5866, 22.4246,  5.3000
 46.6790, 38.4150, 19.9000,2012-08-14T12:42:55.300000Z,  2.2000, -6.2008, 18.3179, 19.9000
 46.6940, 38.4310, 17.5000,2012-08-14T13:31:03.400000Z,  2.2000, -4.8897, 20.0930, 17.5000
 46.7900, 38.4740, 18.6000,2012-08-14T14:02:25.700000Z,  5.2000,  3.4906, 24.8655, 18.6000
 46.6500, 38.4360, 17.0000,2012-08-14T15:48:20.200000Z,  3.8000, -8.7310, 20.6513, 17.0000
 46.8480, 38.3970, 12.9000,2012-08-14T16:07:08.700000Z,  1.9000,  8.5610, 16.3219, 12.9000
 46.7850, 38.4100, 16.3000,2012-08-14T16:30:46.100000Z,  2.0000,  3.0569, 17.7610, 16.3000
 46.7050, 38.4100, 19.0000,2012-08-14T16:36:24.800000Z,  3.3000, -3.9304, 17.7614, 19.0000
 46.6580, 38.4280,  8.1000,2012-08-14T17:05:18.200000Z,  1.7000, -8.0334, 19.7625,  8.1000
 46.7290, 38.4190, 20.0000,2012-08-14T17:09:09.900000Z,  3.1000, -1.8339, 18.7597, 20.0000
 46.7940, 38.4320,  5.1000,2012-08-14T17:16:26.100000Z,  2.0000,  3.8419, 20.2035,  5.1000
 46.6610, 38.4090, 14.6000,2012-08-14T18:53:41.200000Z,  2.0000, -7.7735, 17.6532, 14.6000
 46.6630, 38.4210, 15.4000,2012-08-14T20:20:33.200000Z,  3.0000, -7.5975, 18.9851, 15.4000
 46.8850, 38.4450, 16.8000,2012-08-14T21:29:04.300000Z,  1.3000, 11.7854, 21.6542, 16.8000
 46.7920, 38.4170, 16.3000,2012-08-14T21:32:40.200000Z,  1.5000,  3.6680, 18.5383, 16.3000
 46.6760, 38.4220,  4.3000,2012-08-14T22:10:17.600000Z,  2.0000, -6.4622, 19.0951,  4.3000
 46.7010, 38.3890, 12.0000,2012-08-14T22:41:54.500000Z,  1.7000, -4.2810, 15.4305, 12.0000
 46.7500, 38.3970,  4.4000,2012-08-14T23:07:43.000000Z,  1.3000,  0.0000, 16.3174,  4.4000
 46.7700, 38.4060, 19.9000,2012-08-14T23:33:30.800000Z,  1.7000,  1.7469, 17.3166, 19.9000
 46.7000, 38.3800, 13.4000,2012-08-14T23:42:05.500000Z,  1.7000, -4.3689, 14.4315, 13.4000
 46.7100, 38.3960, 16.9000,2012-08-15T00:42:47.100000Z,  1.0000, -3.4943, 16.2071, 16.9000
 46.6800, 38.4330, 20.0000,2012-08-15T01:35:40.000000Z,  1.6000, -6.1120, 20.3159, 20.0000
 46.6990, 38.3930, 18.1000,2012-08-15T01:43:13.000000Z,  1.6000, -4.4555, 15.8746, 18.1000
 46.6220, 38.4910, 19.9000,2012-08-15T03:03:30.600000Z,  1.8000,-11.1672, 26.7596, 19.9000
 46.8040, 38.4280, 18.7000,2012-08-15T03:41:30.500000Z,  3.4000,  4.7153, 19.7599, 18.7000
 46.8170, 38.4100, 11.5000,2012-08-15T04:29:39.900000Z,  3.1000,  5.8519, 17.7626, 11.5000
 46.7700, 38.4320, 10.0000,2012-08-15T05:26:26.800000Z,  2.4000,  1.7463, 20.2027, 10.0000
 46.6840, 38.4540, 16.0000,2012-08-15T05:39:51.100000Z,  2.3000, -5.7610, 22.6467, 16.0000
 46.6410, 38.4130,  4.2000,2012-08-15T07:12:14.500000Z,  2.6000, -9.5198, 18.0991,  4.2000
 46.8600, 38.4290,  8.7000,2012-08-15T08:39:21.700000Z,  3.1000,  9.6050, 19.8753,  8.7000
 46.6940, 38.4340, 19.1000,2012-08-15T09:03:48.000000Z,  2.6000, -4.8895, 20.4260, 19.1000
 46.6810, 38.3620,  4.7000,2012-08-15T09:37:46.900000Z,  1.8000, -6.0305, 12.4345,  4.7000
 46.7800, 38.3490, 18.4000,2012-08-15T11:27:05.700000Z,  2.5000,  2.6224, 10.9896, 18.4000
 46.6920, 38.3650, 12.0000,2012-08-15T11:39:29.800000Z,  2.2000, -5.0689, 12.7669, 12.0000
 46.6670, 38.4410, 10.0000,2012-08-15T13:52:42.400000Z,  2.1000, -7.2462, 21.2049, 10.0000
 46.8020, 38.4880,  7.9000,2012-08-15T13:58:28.200000Z,  2.0000,  4.5369, 26.4201,  7.9000
 46.6870, 38.3780, 10.0000,2012-08-15T16:01:21.900000Z,  2.2000, -5.5049, 14.2102, 10.0000
 46.6660, 38.4070, 18.6000,2012-08-15T17:49:04.700000Z,  5.0000, -7.3370, 17.4308, 18.6000
 46.6480, 38.4330, 18.6000,2012-08-15T18:00:01.000000Z,  3.3000, -8.9060, 20.3185, 18.6000
 46.7070, 38.4510, 19.0000,2012-08-15T18:16:27.300000Z,  2.1000, -3.7536, 22.3125, 19.0000
 46.6730, 38.4170, 17.9000,2012-08-15T18:38:43.800000Z,  2.2000, -6.7246, 18.5403, 17.9000
 46.6640, 38.4120, 14.8000,2012-08-15T19:23:57.800000Z,  1.8000, -7.5112, 17.9860, 14.8000
 46.6820, 38.4260, 19.9000,2012-08-15T20:27:44.200000Z,  2.0000, -5.9379, 19.5387, 19.9000
 46.6750, 38.4040, 21.1000,2012-08-15T21:26:47.400000Z,  2.2000, -6.5511, 17.0971, 21.1000
 46.6430, 38.3760,  4.5000,2012-08-15T23:01:19.700000Z,  1.7000, -9.3499, 13.9917,  4.5000
 46.6530, 38.4280, 19.9000,2012-08-16T00:15:16.200000Z,  3.3000, -8.4700, 19.7630, 19.9000
 46.6560, 38.4260, 16.2000,2012-08-16T00:32:52.000000Z,  1.7000, -8.2083, 19.5407, 16.2000
 46.7570, 38.4320, 21.3000,2012-08-16T01:31:21.000000Z,  1.9000,  0.6112, 20.2026, 21.3000
 46.8440, 38.3840,  4.2000,2012-08-16T02:26:38.500000Z,  1.7000,  8.2130, 14.8785,  4.2000
 46.7630, 38.4870, 25.9000,2012-08-16T03:01:38.400000Z,  2.2000,  1.1342, 26.3079, 25.9000
 46.8280, 38.4050, 17.7000,2012-08-16T03:10:48.000000Z,  2.4000,  6.8131, 17.2083, 17.7000
 46.6760, 38.4520,  4.2000,2012-08-16T05:33:56.100000Z,  2.3000, -6.4595, 22.4252,  4.2000
 46.6870, 38.3910, 19.7000,2012-08-16T05:39:30.900000Z,  1.6000, -5.5039, 15.6532, 19.7000
 46.7850, 38.4780,  4.4000,2012-08-16T06:33:56.700000Z,  2.0000,  3.0541, 25.3094,  4.4000
 46.7080, 38.4420,  4.1000,2012-08-16T08:56:53.800000Z,  1.8000, -3.6667, 21.3134,  4.1000
 46.7200, 38.4260, 19.6000,2012-08-16T09:27:46.900000Z,  3.1000, -2.6197, 19.5369, 19.6000
 46.7110, 38.4340, 11.1000,2012-08-16T11:28:36.800000Z,  1.9000, -3.4052, 20.4253, 11.1000
 46.6990, 38.4180,  4.2000,2012-08-16T13:20:15.200000Z,  1.3000, -4.4539, 18.6497,  4.2000
 46.7120, 38.4110, 13.6000,2012-08-16T13:56:30.200000Z,  2.0000, -3.3189, 17.8721, 13.6000
 46.7380, 38.4510, 18.3000,2012-08-16T15:15:35.000000Z,  3.8000, -1.0475, 22.3117, 18.3000
 46.6890, 38.3720,  4.3000,2012-08-16T15:31:10.400000Z,  1.5000, -5.3306, 13.5441,  4.3000
 46.7410, 38.4580, 19.9000,2012-08-16T17:11:47.600000Z,  1.7000, -0.7856, 23.0887, 19.9000
 46.7310, 38.4360, 19.5000,2012-08-16T17:14:13.200000Z,  4.6000, -1.6589, 20.6467, 19.5000
 46.7030, 38.4320, 18.2000,2012-08-16T17:19:40.800000Z,  2.9000, -4.1038, 20.2036, 18.2000
 46.7300, 38.4400, 15.5000,2012-08-16T17:34:59.600000Z,  2.6000, -1.7461, 21.0908, 15.5000
 46.9160, 38.4410,  7.8000,2012-08-16T20:27:17.500000Z,  2.3000, 14.4925, 21.2146,  7.8000
 46.7450, 38.4460, 14.0000,2012-08-16T21:50:59.500000Z,  1.4000, -0.4365, 21.7566, 14.0000
 46.6410, 38.3910,  4.2000,2012-08-16T23:15:00.300000Z,  0.8000, -9.5227, 15.6570,  4.2000
 46.6410, 38.4160,  4.1000,2012-08-16T23:59:14.400000Z,  1.2000, -9.5194, 18.4321,  4.1000
 46.8550, 38.5110,  4.1000,2012-08-17T00:31:16.900000Z,  1.7000,  9.1581, 28.9772,  4.1000
 46.7880, 38.4020, 20.2000,2012-08-17T02:13:52.900000Z,  1.6000,  3.3193, 16.8731, 20.2000
 46.7860, 38.4270, 20.0000,2012-08-17T03:19:23.900000Z,  1.9000,  3.1436, 19.6481, 20.0000
 46.6910, 38.4570, 17.8000,2012-08-17T03:34:20.100000Z,  2.9000, -5.1498, 22.9793, 17.8000
 46.6900, 38.4200, 13.0000,2012-08-17T04:48:15.400000Z,  3.8000, -5.2398, 18.8722, 13.0000
 46.7700, 38.4210, 20.0000,2012-08-17T04:52:29.300000Z,  3.0000,  1.7466, 18.9817, 20.0000
 46.8430, 38.3910,  8.2000,2012-08-17T05:28:37.700000Z,  2.1000,  8.1249, 15.6555,  8.2000
 46.7770, 38.4040, 13.7000,2012-08-17T05:35:06.500000Z,  1.6000,  2.3584, 17.0948, 13.7000
 46.8860, 38.4170,  9.3000,2012-08-17T08:09:51.000000Z,  3.5000, 11.8773, 18.5462,  9.3000
 46.8130, 38.4390, 18.9000,2012-08-17T08:19:47.900000Z,  1.7000,  5.5003, 20.9815, 18.9000
 46.6430, 38.4180, 20.0000,2012-08-17T09:17:59.900000Z,  3.8000, -9.3445, 18.6539, 20.0000
 46.6810, 38.4360, 19.7000,2012-08-17T10:36:48.400000Z,  1.6000, -6.0244, 20.6488, 19.7000
 46.6960, 38.4360, 20.0000,2012-08-17T11:19:11.800000Z,  2.0000, -4.7147, 20.6480, 20.0000
 46.6400, 38.4390, 17.4000,2012-08-17T12:09:50.400000Z,  3.1000, -9.6037, 20.9853, 17.4000
 46.8790, 38.4210, 22.2000,2012-08-17T13:04:44.000000Z,  1.5000, 11.2653, 18.9894, 22.2000
 46.5670, 38.4690,  5.2000,2012-08-17T13:24:24.300000Z,  2.0000,-15.9705, 24.3256,  5.2000
 46.6500, 38.4250, 16.7000,2012-08-17T14:34:36.600000Z,  2.0000, -8.7323, 19.4302, 16.7000
 46.6560, 38.4480, 17.4000,2012-08-17T14:37:38.400000Z,  2.2000, -8.2058, 21.9828, 17.4000
 46.7680, 38.4220, 10.0000,2012-08-17T15:04:09.100000Z,  1.4000,  1.5719, 19.0927, 10.0000
 46.7900, 38.4580,  5.3000,2012-08-17T16:13:15.000000Z,  1.5000,  3.4913, 23.0894,  5.3000
 46.6510, 38.3910, 15.4000,2012-08-17T16:58:47.500000Z,  1.6000, -8.6491, 15.6560, 15.4000
 46.9280, 38.3670,  4.1000,2012-08-17T17:57:47.000000Z,  1.5000, 15.5560, 13.0023,  4.1000
 46.9820, 38.3810,  4.8000,2012-08-17T18:49:55.700000Z,  2.6000, 20.2713, 14.5668,  4.8000
 46.6220, 38.4710, 20.0000,2012-08-17T19:34:08.400000Z,  3.1000,-11.1703, 24.5395, 20.0000
 46.6660, 38.4380, 20.0000,2012-08-17T20:04:59.900000Z,  1.8000, -7.3338, 20.8719, 20.0000
 46.6850, 38.4490, 19.9000,2012-08-17T20:15:33.700000Z,  3.4000, -5.6741, 22.0916, 19.9000
 46.7020, 38.4090, 20.0000,2012-08-17T21:36:15.600000Z,  1.1000, -4.1924, 17.6505, 20.0000
 46.6860, 38.4330, 15.5000,2012-08-17T23:14:09.100000Z,  3.0000, -5.5881, 20.3155, 15.5000
 46.7220, 38.4460, 26.3000,2012-08-18T01:48:25.100000Z,  3.0000, -2.4443, 21.7570, 26.3000
 46.7530, 38.3740, 19.8000,2012-08-18T02:06:28.600000Z,  2.3000,  0.2622, 13.7643, 19.8000
 46.6900, 38.4040,  9.3000,2012-08-18T02:21:31.700000Z,  1.7000, -5.2409, 17.0961,  9.3000
 46.8450, 38.4520, 20.8000,2012-08-18T03:26:47.000000Z,  2.7000,  8.2926, 22.4269, 20.8000
 46.7970, 38.3930, 17.3000,2012-08-18T04:44:40.300000Z,  2.3000,  4.1060, 15.8744, 17.3000
 46.9060, 38.5310, 11.7000,2012-08-18T05:38:00.900000Z,  2.3000, 13.6026, 31.2037, 11.7000
 46.9420, 38.4340, 13.0000,2012-08-18T06:02:57.800000Z,  1.9000, 16.7640, 20.4420, 13.0000
 46.6630, 38.4680, 16.7000,2012-08-18T08:46:28.100000Z,  2.1000, -7.5926, 24.2023, 16.7000
 46.7110, 38.4200, 14.5000,2012-08-18T08:59:07.800000Z,  2.4000, -3.4058, 18.8712, 14.5000
 46.6630, 38.4230, 20.0000,2012-08-18T11:21:28.700000Z,  2.9000, -7.5973, 19.2071, 20.0000
 46.8380, 38.4360, 19.3000,2012-08-18T14:33:47.100000Z,  1.7000,  7.6833, 20.6502, 19.3000
 46.8800, 38.4140,  7.6000,2012-08-18T15:56:05.800000Z,  3.3000, 11.3538, 18.2125,  7.6000
 46.9520, 38.4680,  4.1000,2012-08-18T18:15:49.200000Z,  1.9000, 17.6289, 24.2180,  4.1000
 46.6550, 38.4540, 14.8000,2012-08-18T19:10:11.500000Z,  1.7000, -8.2924, 22.6489, 14.8000
 46.8650, 38.4690, 10.5000,2012-08-18T19:30:33.800000Z,  1.9000, 10.0361, 24.3160, 10.5000
 46.6420, 38.4130,  4.3000,2012-08-18T19:39:46.800000Z,  1.6000, -9.4325, 18.0990,  4.3000
 46.7850, 38.5470, 14.4000,2012-08-18T20:31:53.800000Z,  2.4000,  3.0512, 32.9688, 14.4000
 46.7070, 38.4500, 12.4000,2012-08-18T20:41:51.400000Z,  2.1000, -3.7536, 22.2015, 12.4000
 46.6640, 38.4130, 19.9000,2012-08-18T21:08:39.400000Z,  3.1000, -7.5110, 18.0970, 19.9000
 46.6480, 38.4620, 11.7000,2012-08-18T21:09:40.500000Z,  3.2000, -8.9024, 23.5376, 11.7000
 46.7760, 38.4300, 18.1000,2012-08-18T21:20:44.100000Z,  1.9000,  2.2703, 19.9809, 18.1000
 46.6460, 38.4270, 15.2000,2012-08-18T21:29:15.400000Z,  2.5000, -9.0814, 19.6526, 15.2000
 46.6710, 38.4180, 12.3000,2012-08-18T21:41:10.400000Z,  1.6000, -6.8992, 18.6514, 12.3000
 46.6570, 38.4130, 14.8000,2012-08-18T22:11:10.000000Z,  1.8000, -8.1224, 18.0976, 14.8000
 46.6960, 38.4430, 16.9000,2012-08-18T22:52:25.200000Z,  1.4000, -4.7143, 21.4250, 16.9000
 46.8590, 38.4220, 14.0000,2012-08-18T23:14:43.700000Z,  1.2000,  9.5186, 19.0981, 14.0000
 46.6880, 38.4570, 16.5000,2012-08-18T23:47:23.000000Z,  1.7000, -5.4117, 22.9795, 16.5000
 46.8220, 38.4440, 15.0000,2012-08-18T23:54:42.400000Z,  2.0000,  6.2856, 21.5371, 15.0000
 46.6590, 38.4360, 15.5000,2012-08-19T00:04:53.600000Z,  1.5000, -7.9452, 20.6505, 15.5000
 46.7240, 38.4260, 19.9000,2012-08-19T00:37:06.700000Z,  3.1000, -2.2704, 19.5368, 19.9000
 46.6970, 38.4910, 19.8000,2012-08-19T00:55:16.900000Z,  1.8000, -4.6239, 26.7532, 19.8000
 46.6880, 38.4390, 15.2000,2012-08-19T01:12:37.800000Z,  2.0000, -5.4130, 20.9814, 15.2000
 46.6540, 38.4350, 15.6000,2012-08-19T01:29:34.300000Z,  2.1000, -8.3819, 20.5399, 15.6000
 46.6500, 38.3880, 19.9000,2012-08-19T01:58:30.400000Z,  4.3000, -8.7368, 15.3231, 19.9000
 46.6570, 38.4210, 15.7000,2012-08-19T02:23:11.900000Z,  2.2000, -8.1215, 18.9856, 15.7000
 46.6640, 38.4140, 15.3000,2012-08-19T02:26:30.000000Z,  1.7000, -7.5109, 18.2080, 15.3000
 46.6490, 38.4160, 14.0000,2012-08-19T03:29:48.300000Z,  1.8000, -8.8208, 18.4313, 14.0000
 46.8330, 38.4770, 14.9000,2012-08-19T03:47:58.700000Z,  1.9000,  7.2426, 25.2011, 14.9000
 46.7800, 38.4270, 23.0000,2012-08-19T04:39:27.700000Z,  2.0000,  2.6196, 19.6480, 23.0000
 46.7810, 38.4650, 19.5000,2012-08-19T05:10:15.500000Z,  2.7000,  2.7055, 23.8662, 19.5000
 46.6480, 38.4500,  4.2000,2012-08-19T08:18:27.700000Z,  2.4000, -8.9039, 22.2056,  4.2000
 46.6650, 38.4440,  4.2000,2012-08-19T08:25:19.900000Z,  2.0000, -7.4205, 21.5380,  4.2000
 46.8190, 38.4430,  4.1000,2012-08-19T10:51:59.600000Z,  2.5000,  6.0238, 21.4259,  4.1000
 46.6750, 38.4640, 19.8000,2012-08-19T13:41:50.700000Z,  2.0000, -6.5457, 23.7574, 19.8000
 46.7680, 38.4340, 16.3000,2012-08-19T14:40:59.300000Z,  2.1000,  1.5716, 20.4247, 16.3000
 46.8210, 38.3560, 14.2000,2012-08-19T15:32:28.900000Z,  2.2000,  6.2058, 11.7686, 14.2000
 46.6360, 38.4330, 14.2000,2012-08-19T22:30:29.100000Z,  1.5000, -9.9538, 20.3197, 14.2000
 46.6520, 38.4230, 14.8000,2012-08-19T23:27:02.100000Z,  1.7000, -8.5579, 19.2080, 14.8000
 46.6770, 38.4950,  8.6000,2012-08-20T01:04:22.500000Z,  2.0000, -6.3685, 27.1984,  8.6000
 46.6930, 38.4220,  4.1000,2012-08-20T01:24:12.800000Z,  1.5000, -4.9776, 19.0940,  4.1000
 46.6790, 38.4340,  4.1000,2012-08-20T01:45:10.500000Z,  1.3000, -6.1992, 20.4269,  4.1000
 46.6830, 38.3820, 15.5000,2012-08-20T02:04:58.500000Z,  1.9000, -5.8541, 14.6545, 15.5000
 46.6790, 38.4440, 19.9000,2012-08-20T04:09:59.400000Z,  2.7000, -6.1983, 21.5370, 19.9000
 46.6730, 38.4270, 20.0000,2012-08-20T06:06:14.300000Z,  2.1000, -6.7237, 19.6503, 20.0000
 46.7760, 38.3940, 13.4000,2012-08-20T06:59:31.400000Z,  1.7000,  2.2714, 15.9847, 13.4000
 46.8420, 38.4350,  9.2000,2012-08-20T10:06:32.400000Z,  2.0000,  8.0326, 20.5396,  9.2000
 46.7430, 38.4610, 22.9000,2012-08-20T12:21:03.200000Z,  1.8000, -0.6110, 23.4217, 22.9000
 46.6420, 38.4290, 20.0000,2012-08-20T14:53:29.300000Z,  1.8000, -9.4304, 19.8751, 20.0000
 46.6780, 38.4220, 20.0000,2012-08-20T16:54:51.800000Z,  3.0000, -6.2875, 19.0950, 20.0000
 46.8120, 38.4300, 18.0000,2012-08-20T20:32:50.100000Z,  2.1000,  5.4137, 19.9824, 18.0000
 46.6540, 38.4430, 10.0000,2012-08-20T21:17:40.000000Z,  1.9000, -8.3810, 21.4280, 10.0000
 46.8760, 38.4320, 19.8000,2012-08-20T21:24:17.400000Z,  3.0000, 11.0017, 20.2101, 19.8000
 46.6780, 38.4470,  5.1000,2012-08-20T21:37:38.800000Z,  2.8000, -6.2854, 21.8701,  5.1000
 46.6680, 38.4250,  4.2000,2012-08-20T22:20:12.400000Z,  1.5000, -7.1605, 19.4287,  4.2000
 46.6770, 38.4310, 17.1000,2012-08-21T03:31:54.600000Z,  2.4000, -6.3741, 20.0941, 17.1000
 46.7500, 38.4390,  4.7000,2012-08-21T05:23:59.000000Z,  2.0000,  0.0000, 20.9796,  4.7000
 46.5640, 38.3810, 14.3000,2012-08-21T08:38:50.200000Z,  2.6000,-16.2520, 14.5577, 14.3000
 46.7570, 38.4740,  5.7000,2012-08-21T09:15:11.900000Z,  1.7000,  0.6109, 24.8648,  5.7000
 46.7250, 38.4530, 10.0000,2012-08-21T10:24:46.500000Z,  1.8000, -2.1822, 22.5340, 10.0000
 46.7210, 38.4110, 20.0000,2012-08-21T17:43:01.900000Z,  3.2000, -2.5329, 17.8719, 20.0000
 46.6860, 38.4200,  7.7000,2012-08-22T04:24:53.500000Z,  2.3000, -5.5891, 18.8724,  7.7000
 46.6640, 38.4280, 20.0000,2012-08-22T09:50:22.500000Z,  3.4000, -7.5095, 19.7620, 20.0000
 46.8640, 38.4610, 27.6000,2012-08-22T10:08:09.300000Z,  2.0000,  9.9499, 23.4278, 27.6000
 46.6560, 38.4390, 10.3000,2012-08-22T11:33:50.400000Z,  2.8000, -8.2068, 20.9838, 10.3000
 46.6580, 38.4400, 15.0000,2012-08-22T14:45:02.200000Z,  1.8000, -8.0321, 21.0946, 15.0000
 46.8580, 38.4310, 19.3000,2012-08-22T15:37:57.300000Z,  2.5000,  9.4301, 20.0971, 19.3000
 46.7800, 38.4290, 18.3000,2012-08-22T15:55:46.500000Z,  1.4000,  2.6196, 19.8700, 18.3000
 46.8520, 38.4260, 21.9000,2012-08-22T16:29:10.400000Z,  1.7000,  8.9069, 19.5414, 21.9000
 46.6500, 38.4160, 14.4000,2012-08-22T18:32:35.100000Z,  2.1000, -8.7334, 18.4312, 14.4000
 46.7010, 38.4290, 10.0000,2012-08-22T21:40:45.100000Z,  1.6000, -4.2786, 19.8707, 10.0000
 46.7340, 38.4400, 19.5000,2012-08-23T00:10:39.100000Z,  2.4000, -1.3969, 21.0907, 19.5000
 46.7080, 38.4280, 10.0000,2012-08-23T00:16:44.300000Z,  1.5000, -3.6674, 19.7594, 10.0000
 46.7080, 38.4390,  8.9000,2012-08-23T00:56:25.700000Z,  1.8000, -3.6669, 20.9804,  8.9000
 46.6390, 38.4610, 19.8000,2012-08-23T02:37:15.000000Z,  2.2000, -9.6881, 23.4275, 19.8000
 46.6540, 38.4490, 16.9000,2012-08-23T04:06:36.700000Z,  2.2000, -8.3803, 22.0940, 16.9000
 46.6100, 38.4310,  4.2000,2012-08-23T08:23:42.100000Z,  2.8000,-12.2243, 20.1008,  4.2000
 46.6510, 38.4340,  4.1000,2012-08-23T12:14:46.300000Z,  2.7000, -8.6439, 20.4292,  4.1000
 46.7380, 38.4300,  4.1000,2012-08-23T12:31:56.900000Z,  2.0000, -1.0478, 19.9806,  4.1000
 46.6540, 38.4490, 16.9000,2012-08-23T14:52:19.000000Z,  2.1000, -8.3803, 22.0940, 16.9000
 46.7800, 38.4660, 10.0000,2012-08-23T16:37:19.100000Z,  2.8000,  2.6182, 23.9772, 10.0000
 46.6230, 38.4050, 16.1000,2012-08-23T17:18:11.700000Z,  1.9000,-11.0931, 17.2131, 16.1000
 46.7270, 38.4500, 16.1000,2012-08-23T20:31:29.100000Z,  3.0000, -2.0077, 22.2009, 16.1000
 46.6290, 38.4590, 19.5000,2012-08-23T22:56:32.600000Z,  1.7000,-10.5612, 23.2066, 19.5000
 46.6190, 38.4180,  4.8000,2012-08-24T05:14:47.200000Z,  1.8000,-11.4405, 18.6566,  4.8000
 46.9880, 38.5040, 10.9000,2012-08-24T07:38:39.100000Z,  3.2000, 20.7603, 28.2217, 10.9000
 46.8250, 38.4820, 19.5000,2012-08-24T09:49:29.400000Z,  2.3000,  6.5441, 25.7555, 19.5000
 46.8920, 38.4490, 20.4000,2012-08-24T10:44:03.300000Z,  1.5000, 12.3958, 22.0992, 20.4000
 46.7820, 38.3910,  8.6000,2012-08-24T11:11:20.700000Z,  1.6000,  2.7957, 15.6519,  8.6000
 46.6710, 38.4390, 14.3000,2012-08-24T12:02:54.800000Z,  2.0000, -6.8972, 20.9825, 14.3000
 46.7030, 38.4340, 19.6000,2012-08-24T12:14:53.300000Z,  1.5000, -4.1037, 20.4256, 19.6000
 46.6810, 38.4140,  4.6000,2012-08-24T15:50:11.700000Z,  1.5000, -6.0262, 18.2067,  4.6000
 46.7340, 38.4040, 17.9000,2012-08-24T16:08:29.900000Z,  1.2000, -1.3976, 17.0945, 17.9000
 47.0100, 38.5530,  4.1000,2012-08-24T16:37:38.000000Z,  2.1000, 22.6640, 33.6663,  4.1000
 46.6690, 38.4210, 10.8000,2012-08-24T21:42:06.900000Z,  1.7000, -7.0736, 18.9846, 10.8000
 46.7420, 38.4410, 19.9000,2012-08-24T21:44:06.600000Z,  1.7000, -0.6984, 21.2016, 19.9000
 46.7230, 38.4610, 23.9000,2012-08-24T22:43:36.000000Z,  1.1000, -2.3566, 23.4220, 23.9000
 46.8070, 38.5360,  4.1000,2012-08-24T23:20:32.600000Z,  1.1000,  4.9698, 31.7487,  4.1000
 46.6110, 38.4290, 14.8000,2012-08-24T23:57:19.900000Z,  1.1000,-12.1373, 19.8787, 14.8000
 46.6930, 38.4580,  4.1000,2012-08-25T00:09:04.200000Z,  1.6000, -4.9752, 23.0902,  4.1000
 46.7720, 38.4230, 15.5000,2012-08-25T00:58:55.000000Z,  1.2000,  1.9212, 19.2037, 15.5000
 46.6280, 38.4550, 20.0000,2012-08-25T02:55:50.000000Z,  2.0000,-10.6490, 22.7627, 20.0000
 46.6820, 38.4190, 19.2000,2012-08-25T06:09:45.800000Z,  3.0000, -5.9385, 18.7617, 19.2000
 46.5590, 38.4450,  3.6000,2012-08-25T07:33:34.200000Z,  2.1000,-16.6742, 21.6629,  3.6000
 46.8780, 38.4300, 14.8000,2012-08-25T07:46:20.700000Z,  3.3000, 11.1766, 19.9883, 14.8000
 46.9380, 38.4000,  9.1000,2012-08-25T14:59:32.100000Z,  2.3000, 16.4224, 16.6671,  9.1000
 46.6330, 38.4350,  4.1000,2012-08-25T17:14:24.400000Z,  1.6000,-10.2154, 20.5420,  4.1000
 46.9100, 38.4500, 12.3000,2012-08-25T19:59:27.900000Z,  1.8000, 13.9669, 22.2127, 12.3000
 46.6530, 38.4140, 20.0000,2012-08-25T20:03:41.400000Z,  2.6000, -8.4716, 18.2089, 20.0000
 46.6400, 38.4320, 19.9000,2012-08-26T01:28:37.000000Z,  2.6000, -9.6046, 20.2083, 19.9000
 46.6580, 38.4070, 19.9000,2012-08-26T04:01:33.300000Z,  2.3000, -8.0357, 17.4314, 19.9000
 46.6980, 38.4320, 18.9000,2012-08-26T05:22:11.600000Z,  2.8000, -4.5404, 20.2038, 18.9000
 46.6590, 38.4320, 15.3000,2012-08-26T09:36:52.900000Z,  3.9000, -7.9457, 20.2065, 15.3000
 46.6600, 38.4390, 16.6000,2012-08-26T09:43:21.900000Z,  3.9000, -7.8576, 20.9834, 16.6000
 46.6780, 38.4430, 19.1000,2012-08-26T11:15:27.900000Z,  2.3000, -6.2857, 21.4261, 19.1000
 46.6930, 38.3980, 13.0000,2012-08-26T12:50:54.900000Z,  1.9000, -4.9793, 16.4299, 13.0000
 46.6490, 38.4260,  6.7000,2012-08-26T12:52:35.100000Z,  1.8000, -8.8195, 19.5413,  6.7000
 46.6490, 38.4470, 12.2000,2012-08-26T13:05:19.400000Z,  2.1000, -8.8170, 21.8725, 12.2000
 46.6660, 38.4280, 15.2000,2012-08-26T13:08:35.600000Z,  3.8000, -7.3349, 19.7619, 15.2000
 46.7450, 38.3760, 10.0000,2012-08-26T13:44:30.800000Z,  1.5000, -0.4369, 13.9863, 10.0000
 46.6940, 38.3510, 12.6000,2012-08-26T14:26:49.700000Z,  1.8000, -4.8951, 11.2127, 12.6000
 46.8550, 38.4540, 17.7000,2012-08-26T14:51:02.700000Z,  1.7000,  9.1653, 22.6499, 17.7000
 46.8760, 38.4210, 13.1000,2012-08-26T18:15:31.800000Z,  3.4000, 11.0033, 18.9890, 13.1000
 46.6510, 38.4460,  4.6000,2012-08-26T19:22:09.400000Z,  1.3000, -8.6425, 21.7613,  4.6000
 46.6700, 38.4210, 15.4000,2012-08-26T20:12:37.300000Z,  1.3000, -6.9863, 18.9845, 15.4000
 46.6950, 38.4650,  4.9000,2012-08-26T20:57:08.300000Z,  1.7000, -4.8001, 23.8672,  4.9000
 46.6720, 38.4730, 14.1000,2012-08-26T22:48:14.000000Z,  2.8000, -6.8067, 24.7566, 14.1000
 46.6320, 38.4170, 19.9000,2012-08-27T02:46:27.600000Z,  1.7000,-10.3053, 18.5441, 19.9000
 46.5680, 38.4540,  4.2000,2012-08-27T05:08:06.900000Z,  1.9000,-15.8865, 22.6603,  4.2000
 46.6900, 38.4110,  4.8000,2012-08-27T06:30:55.900000Z,  2.1000, -5.2404, 17.8732,  4.8000
 46.6860, 38.4040, 20.0000,2012-08-27T11:01:13.000000Z,  2.5000, -5.5903, 17.0964, 20.0000
 46.6910, 38.3620, 20.0000,2012-08-27T13:46:34.300000Z,  1.7000, -5.1565, 12.4339, 20.0000
 46.8320, 38.4050, 16.3000,2012-08-27T15:10:34.500000Z,  1.6000,  7.1625, 17.2086, 16.3000
 46.8500, 38.4240, 19.7000,2012-08-27T16:52:13.700000Z,  2.2000,  8.7325, 19.3192, 19.7000
 46.8120, 38.3770, 17.7000,2012-08-27T17:55:08.700000Z,  2.0000,  5.4176, 14.0991, 17.7000
 46.6760, 38.3830, 13.6000,2012-08-27T21:03:26.800000Z,  1.9000, -6.4657, 14.7659, 13.6000
 46.7430, 38.3490, 10.0000,2012-08-27T22:48:15.500000Z,  1.3000, -0.6119, 10.9892, 10.0000
 46.8870, 38.4250, 10.4000,2012-08-27T23:56:30.700000Z,  3.4000, 11.9633, 19.4344, 10.4000
 46.6910, 38.3760,  3.3000,2012-08-28T00:28:01.200000Z,  1.5000, -5.1556, 13.9880,  3.3000
 46.7190, 38.4100, 12.1000,2012-08-28T01:55:35.700000Z,  2.0000, -2.7076, 17.7609, 12.1000
 46.5970, 38.4230, 20.5000,2012-08-28T02:21:14.200000Z,  2.5000,-13.3608, 19.2146, 20.5000
 46.6710, 38.3980, 14.7000,2012-08-28T03:33:22.600000Z,  1.8000, -6.9011, 16.4313, 14.7000
 46.7940, 38.4090, 22.5000,2012-08-28T03:41:07.600000Z,  2.1000,  3.8431, 17.6504, 22.5000
 46.6240, 38.4400, 19.9000,2012-08-28T03:54:51.000000Z,  1.4000,-11.0005, 21.0981, 19.9000
 46.7730, 38.3710, 13.7000,2012-08-28T04:13:21.500000Z,  1.4000,  2.0099, 13.4315, 13.7000
 46.7690, 38.4040, 20.0000,2012-08-28T04:38:46.400000Z,  2.4000,  1.6596, 17.0946, 20.0000
 46.7440, 38.4310, 24.0000,2012-08-28T05:11:25.200000Z,  1.7000, -0.5239, 20.0916, 24.0000
 46.6660, 38.3950, 20.0000,2012-08-28T05:35:42.600000Z,  1.3000, -7.3382, 16.0987, 20.0000
 46.5990, 38.4420,  4.1000,2012-08-28T12:25:58.500000Z,  1.9000,-13.1827, 21.3234,  4.1000
 46.7060, 38.3840, 12.5000,2012-08-28T14:34:06.400000Z,  1.7000, -3.8444, 14.8753, 12.5000
 46.7440, 38.4260, 19.9000,2012-08-28T17:46:31.100000Z,  3.3000, -0.5239, 19.5365, 19.9000
 46.6540, 38.4130, 19.9000,2012-08-28T17:58:51.700000Z,  3.6000, -8.3844, 18.0978, 19.9000
 46.6430, 38.3850, 16.5000,2012-08-28T18:21:13.600000Z,  1.9000, -9.3487, 14.9908, 16.5000
 46.6460, 38.4230, 14.0000,2012-08-28T19:01:46.200000Z,  1.2000, -9.0819, 19.2086, 14.0000
 46.6670, 38.4140,  5.8000,2012-08-28T20:32:12.100000Z,  1.9000, -7.2489, 18.2077,  5.8000
 46.6050, 38.4160, 20.0000,2012-08-29T00:27:04.800000Z,  2.4000,-12.6635, 18.4364, 20.0000
 46.8660, 38.4350, 31.1000,2012-08-29T01:01:26.100000Z,  1.6000, 10.1281, 20.5419, 31.1000
 46.6840, 38.4920,  4.3000,2012-08-29T08:56:38.600000Z,  2.6000, -5.7580, 26.8649,  4.3000
 46.6690, 38.4090, 17.4000,2012-08-29T10:43:12.700000Z,  2.2000, -7.0747, 17.6525, 17.4000
 46.6520, 38.4190, 19.1000,2012-08-29T11:46:27.300000Z,  3.9000, -8.5584, 18.7640, 19.1000
 46.6920, 38.4200, 21.5000,2012-08-29T12:10:30.700000Z,  2.4000, -5.0651, 18.8721, 21.5000
 46.8350, 38.4120, 22.6000,2012-08-29T13:32:44.100000Z,  1.8000,  7.4238, 17.9859, 22.6000
 46.7970, 38.3650, 14.7000,2012-08-29T13:46:42.100000Z,  2.1000,  4.1076, 12.7663, 14.7000
 46.6350, 38.4010, 19.4000,2012-08-29T18:30:50.000000Z,  1.8000,-10.0455, 16.7677, 19.4000
 46.6530, 38.4390, 17.8000,2012-08-30T03:42:46.200000Z,  2.4000, -8.4687, 20.9840, 17.8000
 46.6960, 38.4320, 11.4000,2012-08-30T06:25:50.200000Z,  2.7000, -4.7150, 20.2039, 11.4000
 46.8740, 38.4380, 13.9000,2012-08-30T06:30:42.600000Z,  2.6000, 10.8262, 20.8758, 13.9000
 46.6890, 38.4420,  8.7000,2012-08-30T06:45:56.300000Z,  1.9000, -5.3255, 21.3144,  8.7000
 46.8870, 38.4520, 13.6000,2012-08-30T10:16:09.800000Z,  2.8000, 11.9589, 22.4315, 13.6000
 46.6750, 38.4340, 19.3000,2012-08-30T11:33:16.600000Z,  2.3000, -6.5484, 20.4272, 19.3000
 46.5840, 38.4880,  9.3000,2012-08-30T21:03:18.200000Z,  2.7000,-14.4831, 26.4319,  9.3000
 46.5820, 38.4460, 18.2000,2012-08-30T21:43:49.000000Z,  1.8000,-14.6661, 21.7700, 18.2000
 46.9430, 38.4860, 11.7000,2012-08-31T02:58:32.900000Z,  2.1000, 16.8393, 26.2145, 11.7000
 46.6100, 38.4320, 20.0000,2012-08-31T04:00:59.000000Z,  2.5000,-12.2241, 20.2118, 20.0000
 46.7240, 38.5140, 16.5000,2012-08-31T09:08:19.300000Z,  2.2000, -2.2676, 29.3054, 16.5000
 46.7350, 38.3750, 10.1000,2012-08-31T11:14:26.100000Z,  2.1000, -1.3108, 13.8754, 10.1000
 46.6720, 38.3730, 12.5000,2012-08-31T11:31:18.300000Z,  2.1000, -6.8161, 13.6562, 12.5000
 46.7570, 38.3710,  4.2000,2012-08-31T20:16:00.400000Z,  1.9000,  0.6117, 13.4313,  4.2000
 46.6370, 38.4460, 10.0000,2012-08-31T21:14:55.200000Z,  1.4000, -9.8647, 21.7627, 10.0000
 46.7160, 38.4010, 26.2000,2012-08-31T22:41:14.200000Z,  1.4000, -2.9700, 16.7620, 26.2000
 46.7340, 38.3980, 24.0000,2012-08-31T22:52:20.700000Z,  2.4000, -1.3977, 16.4285, 24.0000
 46.7970, 38.3620,  7.1000,2012-09-01T00:58:21.500000Z,  1.4000,  4.1078, 12.4333,  7.1000
 46.6370, 38.3800,  4.3000,2012-09-01T01:44:29.000000Z,  1.5000, -9.8736, 14.4364,  4.3000
 46.6790, 38.3590, 10.9000,2012-09-01T02:01:47.100000Z,  1.4000, -6.2056, 12.1016, 10.9000
 46.7920, 38.3840, 18.9000,2012-09-01T05:04:03.700000Z,  3.5000,  3.6696, 14.8752, 18.9000
 46.7540, 38.4310, 18.1000,2012-09-01T06:20:20.600000Z,  3.0000,  0.3493, 20.0916, 18.1000
 46.6250, 38.4480, 12.3000,2012-09-01T06:22:17.200000Z,  2.4000,-10.9120, 21.9860, 12.3000
 46.6110, 38.4380, 15.2000,2012-09-01T06:36:36.500000Z,  2.6000,-12.1358, 20.8777, 15.2000
 46.6990, 38.3630, 14.2000,2012-09-01T07:12:11.700000Z,  2.2000, -4.4573, 12.5445, 14.2000
 46.6970, 38.4010, 19.2000,2012-09-01T13:21:57.400000Z,  2.3000, -4.6297, 16.7627, 19.2000
 46.9160, 38.4750, 20.0000,2012-09-01T14:26:05.100000Z,  1.9000, 14.4857, 24.9888, 20.0000
 46.9440, 38.3350, 10.2000,2012-09-01T16:38:47.000000Z,  1.6000, 16.9617,  9.4530, 10.2000
 46.8460, 38.3940, 13.7000,2012-09-01T17:48:09.800000Z,  1.7000,  8.3866, 15.9887, 13.7000
 46.7310, 38.3890, 16.3000,2012-09-01T17:51:48.000000Z,  1.7000, -1.6600, 15.4295, 16.3000
 46.6540, 38.3640,  4.1000,2012-09-01T19:26:16.600000Z,  1.6000, -8.3901, 12.6586,  4.1000
 46.7660, 38.3720, 18.6000,2012-09-01T19:37:58.200000Z,  1.7000,  1.3982, 13.5424, 18.6000
 46.7700, 38.3860, 18.5000,2012-09-01T19:51:35.200000Z,  2.0000,  1.7474, 15.0965, 18.5000
 46.7780, 38.3720, 17.2000,2012-09-01T20:59:34.000000Z,  2.8000,  2.4468, 13.5427, 17.2000
 46.8150, 38.3770, 19.3000,2012-09-01T21:16:10.900000Z,  1.1000,  5.6798, 14.0993, 19.3000
 46.7120, 38.4150, 17.4000,2012-09-01T22:17:44.500000Z,  2.3000, -3.3187, 18.3162, 17.4000
 46.9150, 38.3110, 10.9000,2012-09-02T01:33:44.700000Z,  1.6000, 14.4309,  6.7840, 10.9000
 46.8640, 38.4030, 17.5000,2012-09-02T02:53:47.300000Z,  3.4000,  9.9579, 16.9896, 17.5000
 46.7670, 38.4190, 19.7000,2012-09-02T04:11:25.900000Z,  2.9000,  1.4846, 18.7596, 19.7000
 46.7730, 38.4220, 16.3000,2012-09-02T08:50:11.300000Z,  4.2000,  2.0085, 19.0928, 16.3000
 46.7720, 38.4070, 17.0000,2012-09-02T09:03:16.600000Z,  3.4000,  1.9216, 17.4277, 17.0000
 46.7020, 38.4350, 29.3000,2012-09-02T09:24:34.700000Z,  2.7000, -4.1909, 20.5367, 29.3000
 46.6580, 38.3930, 20.0000,2012-09-02T11:11:50.700000Z,  3.1000, -8.0373, 15.8774, 20.0000
 46.6860, 38.3970, 17.8000,2012-09-02T13:44:03.500000Z,  3.0000, -5.5908, 16.3193, 17.8000
 46.7540, 38.4030, 20.0000,2012-09-02T14:22:20.600000Z,  2.0000,  0.3494, 16.9834, 20.0000
 46.7890, 38.3650, 10.4000,2012-09-02T15:36:24.300000Z,  1.9000,  3.4084, 12.7660, 10.4000
 46.7010, 38.4450, 24.2000,2012-09-02T21:26:29.500000Z,  1.8000, -4.2777, 21.6468, 24.2000
 46.7260, 38.2320,  7.6000,2012-09-02T23:16:42.400000Z,  2.4000, -2.1013, -1.9977,  7.6000
 46.6540, 38.4270, 15.5000,2012-09-03T04:43:10.000000Z,  2.9000, -8.3828, 19.6519, 15.5000
 46.7020, 38.3970, 23.7000,2012-09-03T05:58:14.800000Z,  2.5000, -4.1931, 16.3185, 23.7000
 46.8280, 38.3640, 15.4000,2012-09-03T13:59:29.900000Z,  2.2000,  6.8169, 12.6571, 15.4000
 46.8120, 38.3480,  9.5000,2012-09-03T14:19:24.800000Z,  1.9000,  5.4198, 10.8800,  9.5000
 46.7180, 38.3770, 20.0000,2012-09-03T16:21:10.800000Z,  2.1000, -2.7962, 14.0978, 20.0000
 46.8690, 38.3950, 19.9000,2012-09-03T16:29:58.800000Z,  1.8000, 10.3958, 16.1021, 19.9000
 46.8450, 38.4100, 20.0000,2012-09-03T17:17:11.400000Z,  2.2000,  8.2974, 17.7647, 20.0000
 46.8680, 38.4170, 18.7000,2012-09-03T17:17:34.300000Z,  2.2000, 10.3053, 18.5441, 18.7000
 46.8570, 38.3450,  4.1000,2012-09-03T20:11:43.800000Z,  1.9000,  9.3539, 10.5506,  4.1000
 46.6500, 38.3890, 15.4000,2012-09-03T22:23:46.100000Z,  1.5000, -8.7367, 15.4341, 15.4000
 46.7990, 38.3830, 10.0000,2012-09-03T23:30:50.500000Z,  1.2000,  4.2813, 14.7645, 10.0000
 46.7760, 38.3620,  4.1000,2012-09-03T23:59:57.400000Z,  1.2000,  2.2724, 12.4326,  4.1000
 46.7670, 38.4010, 24.5000,2012-09-04T00:21:16.100000Z,  1.5000,  1.4850, 16.7615, 24.5000
 46.7960, 38.5330, 15.5000,2012-09-04T00:42:55.700000Z,  1.0000,  4.0109, 31.4152, 15.5000
 46.7690, 38.3880, 18.3000,2012-09-04T00:50:38.300000Z,  2.2000,  1.6600, 15.3185, 18.3000
 46.6270, 38.3850, 18.3000,2012-09-04T02:08:31.000000Z,  1.3000,-10.7467, 14.9925, 18.3000
 46.6660, 38.4050, 19.9000,2012-09-04T02:09:03.700000Z,  1.4000, -7.3372, 17.2088, 19.9000
 46.7160, 38.3840, 20.0000,2012-09-04T03:13:48.500000Z,  2.9000, -2.9707, 14.8749, 20.0000
 46.6850, 38.4010, 19.9000,2012-09-04T04:20:28.600000Z,  2.8000, -5.6779, 16.7634, 19.9000
 46.7060, 38.3840, 19.9000,2012-09-04T05:43:57.000000Z,  2.6000, -3.8444, 14.8753, 19.9000
 46.7670, 38.3800, 18.6000,2012-09-04T08:16:12.500000Z,  2.5000,  1.4854, 14.4305, 18.6000
 46.7190, 38.3430,  4.1000,2012-09-04T13:55:56.900000Z,  2.2000, -2.7101, 10.3237,  4.1000
 46.7000, 38.3730,  4.2000,2012-09-04T14:21:11.300000Z,  1.8000, -4.3693, 13.6545,  4.2000
 46.8160, 38.3900, 19.1000,2012-09-04T17:25:39.300000Z,  2.3000,  5.7661, 15.5424, 19.1000
 46.8060, 38.3660, 14.9000,2012-09-04T17:52:32.500000Z,  1.2000,  4.8941, 12.8778, 14.9000
 46.7070, 38.4260, 29.3000,2012-09-04T18:15:09.500000Z,  1.2000, -3.7549, 19.5374, 29.3000
 46.7810, 38.3940, 17.3000,2012-09-04T18:33:30.700000Z,  1.3000,  2.7082, 15.9848, 17.3000
 46.8150, 38.4060, 17.1000,2012-09-04T19:17:58.700000Z,  1.4000,  5.6775, 17.3184, 17.1000
 47.0520, 38.3320,  4.2000,2012-09-04T22:42:57.800000Z,  0.7000, 26.4054,  9.1453,  4.2000
 46.7950, 38.3410,  5.0000,2012-09-04T23:53:45.000000Z,  1.0000,  3.9341, 10.1021,  5.0000
 46.8050, 38.4330, 10.0000,2012-09-05T01:28:05.300000Z,  1.5000,  4.8023, 20.3150, 10.0000
 46.6370, 38.4410, 16.4000,2012-09-05T03:02:42.200000Z,  2.6000, -9.8654, 21.2076, 16.4000
 46.7030, 38.4030, 15.3000,2012-09-05T09:33:45.800000Z,  3.9000, -4.1054, 16.9845, 15.3000
 46.6710, 38.4530, 13.6000,2012-09-05T12:14:04.100000Z,  2.9000, -6.8959, 22.5366, 13.6000
 46.7950, 38.4040, 18.7000,2012-09-05T15:07:19.600000Z,  1.7000,  3.9307, 17.0954, 18.7000
 46.6840, 38.3880, 20.0000,2012-09-05T16:00:06.800000Z,  2.2000, -5.7663, 15.3204, 20.0000
 46.8670, 38.3680, 15.0000,2012-09-05T17:14:36.600000Z,  2.0000, 10.2248, 13.1048, 15.0000
 46.6490, 38.3850, 19.9000,2012-09-05T18:47:38.800000Z,  2.4000, -8.8245, 14.9902, 19.9000
 46.8110, 38.4230, 19.0000,2012-09-05T19:03:13.400000Z,  2.2000,  5.3269, 19.2053, 19.0000
 46.7820, 38.3880, 18.0000,2012-09-05T21:26:41.800000Z,  1.6000,  2.7958, 15.3188, 18.0000
 46.8470, 38.4200,  5.9000,2012-09-05T23:48:36.900000Z,  2.0000,  8.4709, 18.8749,  5.9000
 46.7880, 38.4220, 20.0000,2012-09-06T01:19:42.200000Z,  2.3000,  3.3184, 19.0932, 20.0000
 46.8540, 38.3940, 18.4000,2012-09-06T02:19:16.100000Z,  2.4000,  9.0855, 15.9895, 18.4000
 46.6380, 38.3900, 19.7000,2012-09-06T08:51:17.500000Z,  2.0000, -9.7849, 15.5463, 19.7000
 46.8150, 38.4050, 13.6000,2012-09-06T10:38:30.900000Z,  2.2000,  5.6776, 17.2074, 13.6000
 46.6590, 38.4080, 20.0000,2012-09-06T20:23:33.700000Z,  2.1000, -7.9483, 17.5424, 20.0000
 46.8510, 38.3970, 19.9000,2012-09-06T20:33:21.600000Z,  2.1000,  8.8231, 16.3222, 19.9000
 46.8400, 38.3610, 17.5000,2012-09-06T22:02:27.100000Z,  1.8000,  7.8660, 12.3251, 17.5000
 46.6860, 38.3900, 19.8000,2012-09-06T22:07:25.400000Z,  1.5000, -5.5914, 15.5423, 19.8000
 46.6920, 38.4050, 19.5000,2012-09-06T23:38:04.600000Z,  1.3000, -5.0661, 17.2070, 19.5000
 46.7860, 38.3870, 14.5000,2012-09-06T23:56:03.800000Z,  1.2000,  3.1453, 15.2080, 14.5000
 47.0470, 38.4360,  4.2000,2012-09-07T02:35:38.000000Z,  1.4000, 25.9311, 20.6883,  4.2000
 46.7720, 38.6730,  4.1000,2012-09-07T05:41:29.300000Z,  1.5000,  1.9145, 46.9557,  4.1000
 46.7070, 38.3880, 20.0000,2012-09-07T12:46:24.200000Z,  3.1000, -3.7568, 15.3192, 20.0000
 46.8020, 38.4280, 20.0000,2012-09-07T16:10:54.600000Z,  2.6000,  4.5406, 19.7598, 20.0000
 46.6440, 38.3840, 15.9000,2012-09-07T16:49:54.200000Z,  1.7000, -9.2615, 14.8797, 15.9000
 46.8150, 38.3990, 16.9000,2012-09-07T17:25:50.400000Z,  2.0000,  5.6780, 16.5414, 16.9000
 46.8390, 38.1920, 15.4000,2012-09-07T17:48:16.600000Z,  1.4000,  7.7967, -6.4343, 15.4000
 46.7030, 38.3860, 17.8000,2012-09-07T17:53:54.400000Z,  1.6000, -4.1064, 15.0974, 17.8000
 46.7770, 38.4360, 19.2000,2012-09-07T19:17:21.100000Z,  2.5000,  2.3574, 20.6469, 19.2000
 46.6960, 38.3800, 19.3000,2012-09-07T19:29:15.600000Z,  2.5000, -4.7184, 14.4317, 19.3000
 46.8120, 38.3530, 11.1000,2012-09-07T19:49:29.400000Z,  1.4000,  5.4194, 11.4350, 11.1000
 46.8100, 38.3750, 14.5000,2012-09-07T20:00:06.700000Z,  1.7000,  5.2430, 13.8770, 14.5000
 46.8130, 38.3900, 13.8000,2012-09-07T20:47:22.700000Z,  1.4000,  5.5040, 15.5422, 13.8000
 46.6670, 38.3650,  4.5000,2012-09-07T21:33:48.800000Z,  1.7000, -7.2538, 12.7685,  4.5000
 46.8930, 38.3940, 17.9000,2012-09-07T21:36:57.000000Z,  2.1000, 12.4926, 15.9940, 17.9000
 46.8370, 38.3640,  4.1000,2012-09-07T23:37:53.000000Z,  1.3000,  7.6035, 12.6578,  4.1000
 46.7460, 38.4620, 19.9000,2012-09-08T00:53:36.900000Z,  2.2000, -0.3491, 23.5327, 19.9000
 46.7590, 38.3700, 14.7000,2012-09-08T01:12:29.800000Z,  1.4000,  0.7865, 13.3203, 14.7000
 46.8500, 38.4150, 22.6000,2012-09-08T02:31:18.500000Z,  1.3000,  8.7335, 18.3202, 22.6000
 46.6450, 38.3980, 15.1000,2012-09-08T04:16:15.300000Z,  2.3000, -9.1724, 16.4336, 15.1000
 46.6320, 38.3600, 20.3000,2012-09-08T04:46:49.400000Z,  1.6000,-10.3134, 12.2168, 20.3000
 46.6930, 38.3930, 16.1000,2012-09-08T06:52:30.700000Z,  3.2000, -4.9796, 15.8749, 16.1000
 46.7640, 38.3970, 13.5000,2012-09-08T08:30:03.600000Z,  2.5000,  1.2230, 16.3175, 13.5000
 46.7820, 38.3150, 11.4000,2012-09-08T09:38:37.500000Z,  2.0000,  2.7986,  7.2156, 11.4000
 46.6640, 38.3870,  4.2000,2012-09-08T14:01:12.300000Z,  1.9000, -7.5137, 15.2108,  4.2000
 46.8380, 38.3900, 13.2000,2012-09-08T20:35:44.300000Z,  3.6000,  7.6882, 15.5440, 13.2000
 46.8000, 38.3870, 12.6000,2012-09-08T21:04:44.800000Z,  1.6000,  4.3685, 15.2085, 12.6000
 46.6860, 38.4600,  5.3000,2012-09-08T21:24:06.300000Z,  2.0000, -5.5860, 23.3126,  5.3000
 46.7290, 38.3740, 14.2000,2012-09-09T04:50:27.700000Z,  1.6000, -1.8351, 13.7645, 14.2000
 46.8570, 38.4020, 18.3000,2012-09-09T10:08:20.400000Z,  3.0000,  9.3466, 16.8778, 18.3000
 46.6840, 38.3610, 19.0000,2012-09-09T13:58:17.900000Z,  2.7000, -5.7684, 12.3233, 19.0000
 46.6790, 38.3770,  4.3000,2012-09-09T17:40:01.700000Z,  1.6000, -6.2041, 14.0997,  4.3000
 46.6320, 38.3910, 16.9000,2012-09-09T20:25:44.300000Z,  2.0000,-10.3090, 15.6579, 16.9000
 46.6460, 38.4290, 20.0000,2012-09-09T22:06:59.800000Z,  2.0000, -9.0811, 19.8746, 20.0000
 46.6670, 38.3830, 10.3000,2012-09-09T22:07:57.600000Z,  1.4000, -7.2520, 14.7666, 10.3000
 46.8820, 38.3480,  9.3000,2012-09-09T22:50:38.600000Z,  1.8000, 11.5389, 10.8865,  9.3000
 46.7290, 38.4320, 16.3000,2012-09-10T01:47:02.600000Z,  1.7000, -1.8336, 20.2028, 16.3000
 46.8230, 38.4060, 18.8000,2012-09-10T02:02:12.700000Z,  2.9000,  6.3763, 17.3189, 18.8000
 46.7160, 38.3970, 20.0000,2012-09-10T08:55:50.000000Z,  3.8000, -2.9701, 16.3179, 20.0000
 46.7370, 38.2300, 15.2000,2012-09-10T13:28:35.400000Z,  2.0000, -1.1382, -2.2199, 15.2000
 46.6510, 38.3830,  4.6000,2012-09-10T17:25:44.600000Z,  1.8000, -8.6500, 14.7680,  4.6000
 46.7910, 38.4810, 24.3000,2012-09-10T19:32:17.900000Z,  1.9000,  3.5775, 25.6426, 24.3000
 46.5380, 38.4050, 20.0000,2012-09-11T00:09:48.400000Z,  1.1000,-18.5176, 17.2267, 20.0000
 46.7880, 38.3960, 17.0000,2012-09-11T03:23:33.000000Z,  2.3000,  3.3196, 16.2071, 17.0000
 46.6600, 38.3840, 17.5000,2012-09-11T03:25:33.200000Z,  2.3000, -7.8635, 14.8782, 17.5000
 46.6580, 38.4060, 20.0000,2012-09-11T10:30:33.100000Z,  3.3000, -8.0358, 17.3204, 20.0000
 46.8140, 38.3500,  4.1000,2012-09-11T16:30:16.400000Z,  1.2000,  5.5945, 11.1022,  4.1000
 46.9360, 38.3250,  4.2000,2012-09-11T17:38:52.700000Z,  1.8000, 16.2645,  8.3415,  4.2000
 46.9060, 38.3560, 12.5000,2012-09-11T21:41:12.300000Z,  1.8000, 13.6354, 11.7777, 12.5000
 46.7220, 38.4290, 20.7000,2012-09-11T22:48:26.100000Z,  2.0000, -2.4449, 19.8699, 20.7000
 46.6400, 38.3600,  4.1000,2012-09-12T09:15:43.700000Z,  2.0000, -9.6142, 12.2160,  4.1000
 46.6420, 38.3960,  4.2000,2012-09-12T10:03:30.100000Z,  2.3000, -9.4347, 16.2119,  4.2000
 46.6870, 38.3740, 19.8000,2012-09-12T12:44:25.500000Z,  1.5000, -5.5052, 13.7662, 19.8000
 46.6750, 38.3950, 14.7000,2012-09-12T12:59:24.900000Z,  2.9000, -6.5520, 16.0980, 14.7000
 46.6260, 38.3920, 14.2000,2012-09-12T20:33:52.300000Z,  1.4000,-10.8330, 15.7696, 14.2000
 46.5410, 38.4540, 12.2000,2012-09-12T20:41:41.400000Z,  1.8000,-18.2433, 22.6653, 12.2000
 46.6640, 38.3850,  4.1000,2012-09-12T22:46:04.300000Z,  1.3000, -7.5139, 14.9888,  4.1000
 46.6950, 38.3980, 18.6000,2012-09-12T23:11:17.200000Z,  0.7000, -4.8046, 16.4298, 18.6000
 46.6700, 38.4400, 15.9000,2012-09-13T00:19:47.900000Z,  1.7000, -6.9844, 21.0936, 15.9000
 46.6620, 38.3720, 14.1000,2012-09-13T01:51:45.600000Z,  1.7000, -7.6901, 13.5460, 14.1000
 46.8570, 38.4130, 19.8000,2012-09-13T04:27:37.300000Z,  2.1000,  9.3451, 18.0989, 19.8000
 46.8760, 38.4200, 18.0000,2012-09-13T12:12:12.800000Z,  2.5000, 11.0035, 18.8780, 18.0000
 46.7230, 38.3830, 19.8000,2012-09-13T14:15:49.000000Z,  1.6000, -2.3591, 14.7637, 19.8000
 46.6250, 38.3730,  4.2000,2012-09-13T14:51:28.900000Z,  2.1000,-10.9232, 13.6607,  4.2000
 46.8500, 38.3460,  9.1000,2012-09-13T16:48:09.700000Z,  1.7000,  8.7418, 10.6609,  9.1000
 46.7640, 38.3860, 18.1000,2012-09-13T17:42:24.300000Z,  1.9000,  1.2232, 15.0964, 18.1000
 46.6370, 38.3820, 13.6000,2012-09-13T18:19:28.100000Z,  1.8000, -9.8734, 14.6584, 13.6000
 46.8040, 38.3590, 11.6000,2012-09-13T19:05:15.200000Z,  1.8000,  4.7197, 12.1006, 11.6000
 46.6940, 38.3980, 20.0000,2012-09-13T19:45:20.200000Z,  3.2000, -4.8919, 16.4299, 20.0000
 46.8780, 38.3760, 16.6000,2012-09-13T22:30:03.900000Z,  1.6000, 11.1849, 13.9941, 16.6000
 46.6610, 38.3830, 15.0000,2012-09-13T22:57:56.000000Z,  1.6000, -7.7763, 14.7671, 15.0000
 46.7130, 38.3950, 28.4000,2012-09-13T23:56:12.600000Z,  1.0000, -3.2323, 16.0960, 28.4000
 46.8250, 38.3990, 17.5000,2012-09-14T00:42:36.500000Z,  2.5000,  6.5516, 16.5421, 17.5000
 46.6420, 38.3930, 14.9000,2012-09-14T02:19:37.900000Z,  3.5000, -9.4351, 15.8789, 14.9000
 46.7920, 38.3620, 11.1000,2012-09-14T13:21:02.000000Z,  1.8000,  3.6708, 12.4331, 11.1000
 46.6160, 38.4430, 19.4000,2012-09-14T14:32:33.100000Z,  2.6000,-11.6984, 21.4321, 19.4000
 46.7840, 38.3940, 13.4000,2012-09-14T16:41:04.700000Z,  2.4000,  2.9703, 15.9849, 13.4000
 46.7730, 38.3860, 19.1000,2012-09-15T11:01:17.200000Z,  2.6000,  2.0095, 15.0966, 19.1000
 46.8100, 38.4110, 18.7000,2012-09-15T19:19:20.800000Z,  2.2000,  5.2404, 17.8732, 18.7000
 46.7990, 38.3670, 12.0000,2012-09-15T20:28:28.900000Z,  1.5000,  4.2823, 12.9884, 12.0000
 46.8440, 38.3660, 18.3000,2012-09-15T21:17:10.900000Z,  1.7000,  8.2151, 12.8805, 18.3000
 46.5860, 38.3960,  3.5000,2012-09-16T01:01:33.700000Z,  0.9000,-14.3267, 16.2191,  3.5000
 46.8470, 38.4050, 18.4000,2012-09-16T17:12:51.100000Z,  2.4000,  8.4727, 17.2099, 18.4000
 46.7190, 38.3400,  4.1000,2012-09-16T18:06:51.200000Z,  2.5000, -2.7102,  9.9906,  4.1000
 46.7700, 38.3390, 12.6000,2012-09-16T19:48:09.300000Z,  1.3000,  1.7485,  9.8794, 12.6000
 46.7130, 38.3900, 18.4000,2012-09-16T22:59:03.500000Z,  1.5000, -3.2325, 15.5410, 18.4000
